filename,width,height,class,xmin,ymin,xmax,ymax
632.jpg,854,480,dog,431,78,503,200
1094.jpg,854,480,dog,406,130,493,239
946.jpg,854,480,dog,1,137,226,346
819.jpg,854,480,dog,372,157,408,200
194.jpg,854,480,dog,479,184,584,237
1239.jpg,720,1280,dog,158,220,597,547
1019.jpg,854,480,dog,398,185,591,337
1188.jpg,1280,720,dog,614,327,848,472
1188.jpg,1280,720,dog,810,359,969,435
122.jpg,854,480,dog,369,169,461,217
1263.jpg,720,1280,dog,382,379,516,438
1263.jpg,720,1280,dog,250,361,378,432
659.jpg,854,480,dog,439,124,599,362
1193.jpg,720,1280,dog,3,500,309,692
1074.jpg,854,480,dog,443,149,513,226
362.jpg,854,480,dog,369,123,464,184
651.jpg,854,480,dog,411,104,491,317
1314.jpg,1280,720,dog,1109,157,1158,228
205.jpg,854,480,dog,459,187,581,256
1090.jpg,854,480,dog,385,83,464,184
237.jpg,854,480,dog,354,232,440,293
701.jpg,854,480,dog,300,147,350,203
701.jpg,854,480,dog,91,153,136,181
492.jpg,854,480,dog,402,183,586,279
680.jpg,854,480,dog,167,150,206,174
680.jpg,854,480,dog,363,137,399,176
213.jpg,854,480,dog,459,186,593,277
813.jpg,854,480,dog,386,159,413,204
758.jpg,854,480,dog,285,51,326,92
160.jpg,854,480,dog,325,206,529,390
116.jpg,854,480,dog,381,180,470,227
844.jpg,854,480,dog,356,108,388,162
599.jpg,854,480,dog,410,104,463,179
1268.jpg,720,1280,dog,216,402,362,477
1268.jpg,720,1280,dog,364,405,504,465
683.jpg,854,480,dog,431,167,469,207
683.jpg,854,480,dog,243,186,281,208
496.jpg,854,480,dog,399,197,607,317
879.jpg,854,480,dog,346,167,427,249
800.jpg,854,480,dog,417,144,453,186
232.jpg,854,480,dog,406,185,487,245
1053.jpg,854,480,dog,447,211,505,274
715.jpg,854,480,dog,316,77,389,141
715.jpg,854,480,dog,131,59,177,91
1036.jpg,854,480,dog,399,182,446,233
657.jpg,854,480,dog,449,117,599,367
993.jpg,854,480,dog,450,136,559,205
1245.jpg,720,1280,dog,303,457,565,569
187.jpg,854,480,dog,479,174,569,210
738.jpg,854,480,dog,39,64,112,105
738.jpg,854,480,dog,98,130,250,237
1234.jpg,1280,720,dog,380,257,531,324
407.jpg,854,480,dog,356,130,474,197
222.jpg,854,480,dog,368,173,444,220
393.jpg,854,480,dog,379,143,469,195
94.jpg,854,480,dog,244,244,398,409
277.jpg,854,480,dog,444,192,650,400
907.jpg,854,480,dog,354,191,540,368
1037.jpg,854,480,dog,417,191,472,237
1105.jpg,854,480,dog,431,165,543,297
228.jpg,854,480,dog,394,143,474,199
27.jpg,854,480,dog,282,178,451,282
82.jpg,854,480,dog,371,238,485,361
835.jpg,854,480,dog,317,175,352,222
1050.jpg,854,480,dog,469,226,533,282
525.jpg,854,480,dog,389,137,426,160
854.jpg,854,480,dog,388,112,451,166
504.jpg,854,480,dog,432,229,666,413
1116.jpg,854,480,dog,324,131,483,305
940.jpg,854,480,dog,240,130,469,350
746.jpg,854,480,dog,27,193,207,312
746.jpg,854,480,dog,80,91,146,132
679.jpg,854,480,dog,166,145,207,170
679.jpg,854,480,dog,363,133,399,172
593.jpg,854,480,dog,382,114,431,179
161.jpg,854,480,dog,326,213,520,391
57.jpg,854,480,dog,333,118,417,191
1110.jpg,854,480,dog,432,174,580,339
818.jpg,854,480,dog,387,168,426,209
590.jpg,854,480,dog,359,112,403,171
1141.jpg,1280,720,dog,619,348,857,494
1141.jpg,1280,720,dog,823,378,981,457
1231.jpg,720,1280,dog,320,555,720,1139
105.jpg,854,480,dog,330,244,480,408
1198.jpg,1280,720,dog,398,234,544,326
864.jpg,854,480,dog,377,131,460,192
1100.jpg,854,480,dog,426,149,525,265
692.jpg,854,480,dog,387,147,431,191
692.jpg,854,480,dog,196,161,235,185
1253.jpg,1280,720,dog,642,316,739,431
787.jpg,854,480,dog,426,131,452,172
1156.jpg,1280,720,dog,565,389,653,479
1156.jpg,1280,720,dog,476,411,593,452
916.jpg,854,480,dog,283,231,473,476
245.jpg,854,480,dog,388,181,485,255
1015.jpg,854,480,dog,435,209,619,331
41.jpg,854,480,dog,251,264,451,403
133.jpg,854,480,dog,391,229,504,292
1262.jpg,1280,720,dog,544,281,694,353
652.jpg,854,480,dog,412,104,513,320
908.jpg,854,480,dog,344,196,528,368
45.jpg,854,480,dog,255,290,466,416
464.jpg,854,480,dog,328,1,440,41
988.jpg,854,480,dog,362,96,466,150
391.jpg,854,480,dog,353,125,442,172
165.jpg,854,480,dog,344,211,562,429
238.jpg,854,480,dog,349,260,435,323
15.jpg,854,480,dog,309,131,450,221
95.jpg,854,480,dog,253,242,394,388
740.jpg,854,480,dog,1,87,61,128
740.jpg,854,480,dog,28,158,195,280
247.jpg,854,480,dog,386,131,493,207
1160.jpg,720,1280,dog,200,239,231,279
1160.jpg,720,1280,dog,142,205,199,258
1160.jpg,720,1280,dog,670,377,720,436
70.jpg,854,480,dog,353,198,446,289
456.jpg,854,480,dog,273,151,420,325
598.jpg,854,480,dog,411,95,459,164
85.jpg,854,480,dog,357,234,483,370
1085.jpg,854,480,dog,406,74,474,167
480.jpg,854,480,dog,407,166,548,233
469.jpg,854,480,dog,378,118,480,174
1171.jpg,720,1280,dog,372,242,486,338
1171.jpg,720,1280,dog,99,166,178,224
382.jpg,854,480,dog,337,118,423,163
1103.jpg,854,480,dog,398,151,512,280
635.jpg,854,480,dog,399,75,471,211
562.jpg,854,480,dog,381,141,433,175
261.jpg,854,480,dog,401,159,537,289
1129.jpg,1280,720,dog,261,230,332,268
1129.jpg,1280,720,dog,752,225,812,262
1221.jpg,720,1280,dog,426,147,558,229
867.jpg,854,480,dog,373,155,451,218
589.jpg,854,480,dog,373,111,414,173
131.jpg,854,480,dog,408,229,524,279
7.jpg,854,480,dog,297,175,426,245
1271.jpg,720,1280,dog,519,234,559,279
1271.jpg,720,1280,dog,390,222,415,278
1271.jpg,720,1280,dog,356,172,422,228
1132.jpg,1280,720,dog,558,266,687,344
1284.jpg,720,1280,dog,606,156,699,318
1284.jpg,720,1280,dog,453,111,554,197
240.jpg,854,480,dog,399,253,483,317
731.jpg,854,480,dog,247,124,364,212
731.jpg,854,480,dog,135,73,201,110
467.jpg,854,480,dog,352,83,465,134
402.jpg,854,480,dog,350,124,458,195
244.jpg,854,480,dog,379,225,488,298
900.jpg,854,480,dog,341,178,495,320
435.jpg,854,480,dog,182,259,458,388
38.jpg,854,480,dog,246,244,446,377
1307.jpg,720,1280,dog,238,361,422,569
888.jpg,854,480,dog,367,152,471,257
23.jpg,854,480,dog,307,150,462,250
777.jpg,854,480,dog,311,102,353,146
1046.jpg,854,480,dog,466,217,526,271
1248.jpg,720,1280,dog,275,423,505,521
203.jpg,854,480,dog,448,185,558,251
106.jpg,854,480,dog,318,248,459,404
1145.jpg,720,1280,dog,487,620,720,780
427.jpg,854,480,dog,213,220,464,327
1159.jpg,720,1280,dog,385,208,488,288
1159.jpg,720,1280,dog,272,209,339,285
1159.jpg,720,1280,dog,325,247,385,285
79.jpg,854,480,dog,315,244,431,353
323.jpg,854,480,dog,239,308,319,391
812.jpg,854,480,dog,412,152,436,191
313.jpg,854,480,dog,246,304,326,365
142.jpg,854,480,dog,402,194,527,285
766.jpg,854,480,dog,270,67,313,111
1010.jpg,854,480,dog,516,230,687,356
1106.jpg,854,480,dog,419,165,550,311
751.jpg,854,480,dog,294,136,337,177
1073.jpg,854,480,dog,426,144,507,231
882.jpg,854,480,dog,357,155,450,248
49.jpg,854,480,dog,293,272,484,414
1209.jpg,720,1280,dog,460,369,538,425
1098.jpg,854,480,dog,426,144,520,263
225.jpg,854,480,dog,406,174,482,228
93.jpg,854,480,dog,274,256,410,410
1137.jpg,720,1280,dog,290,502,481,600
1137.jpg,720,1280,dog,99,479,286,603
1049.jpg,854,480,dog,483,225,539,275
1023.jpg,854,480,dog,447,310,669,480
151.jpg,854,480,dog,393,144,553,252
825.jpg,854,480,dog,328,155,364,199
880.jpg,854,480,dog,339,167,429,251
770.jpg,854,480,dog,267,109,318,149
288.jpg,854,480,dog,378,177,619,399
14.jpg,854,480,dog,306,141,441,218
1214.jpg,720,1280,dog,179,531,552,702
1163.jpg,1280,720,dog,305,53,363,82
1039.jpg,854,480,dog,431,192,482,251
445.jpg,854,480,dog,140,224,361,390
1134.jpg,1280,720,dog,624,322,668,338
1134.jpg,1280,720,dog,673,307,716,339
941.jpg,854,480,dog,228,102,466,309
446.jpg,854,480,dog,155,218,362,392
1312.jpg,720,1280,dog,169,388,413,625
1080.jpg,854,480,dog,420,142,479,237
836.jpg,854,480,dog,305,204,338,249
891.jpg,854,480,dog,359,169,473,280
553.jpg,854,480,dog,360,96,418,131
1304.jpg,720,1280,dog,462,398,567,486
303.jpg,854,480,dog,409,151,480,211
455.jpg,854,480,dog,213,157,384,329
527.jpg,854,480,dog,378,129,419,159
202.jpg,854,480,dog,443,168,560,230
477.jpg,854,480,dog,388,165,521,231
569.jpg,854,480,dog,365,171,430,212
1226.jpg,1280,720,dog,403,257,489,296
662.jpg,854,480,dog,475,114,658,397
515.jpg,854,480,dog,481,250,658,480
272.jpg,854,480,dog,406,198,598,384
255.jpg,854,480,dog,381,140,500,244
843.jpg,854,480,dog,338,119,379,160
1082.jpg,854,480,dog,424,106,484,205
167.jpg,854,480,dog,319,205,553,414
774.jpg,854,480,dog,281,127,330,172
300.jpg,854,480,dog,386,115,453,175
1237.jpg,720,1280,dog,290,192,429,299
1237.jpg,720,1280,dog,333,119,400,174
5.jpg,854,480,dog,311,189,413,254
293.jpg,854,480,dog,405,204,637,425
401.jpg,854,480,dog,339,115,447,180
378.jpg,854,480,dog,339,91,407,154
920.jpg,854,480,dog,255,206,420,463
215.jpg,854,480,dog,431,189,584,284
1031.jpg,854,480,dog,368,184,413,228
182.jpg,854,480,dog,380,189,452,236
494.jpg,854,480,dog,413,197,612,302
137.jpg,854,480,dog,342,244,452,300
1125.jpg,854,480,dog,549,199,773,461
260.jpg,854,480,dog,393,151,525,266
905.jpg,854,480,dog,342,192,512,362
983.jpg,854,480,dog,319,88,413,138
1194.jpg,720,1280,dog,11,182,179,292
1194.jpg,720,1280,dog,347,122,422,177
597.jpg,854,480,dog,413,93,462,163
957.jpg,854,480,dog,1,180,144,301
1067.jpg,854,480,dog,387,150,471,220
617.jpg,854,480,dog,399,92,451,184
399.jpg,854,480,dog,344,136,446,191
949.jpg,854,480,dog,16,169,235,337
1016.jpg,854,480,dog,412,188,608,320
616.jpg,854,480,dog,405,95,455,184
383.jpg,854,480,dog,331,124,421,164
924.jpg,854,480,dog,228,253,370,480
672.jpg,854,480,dog,113,131,159,156
672.jpg,854,480,dog,318,113,350,155
992.jpg,854,480,dog,428,134,538,202
322.jpg,854,480,dog,226,318,308,399
281.jpg,854,480,dog,405,116,620,372
1051.jpg,854,480,dog,462,224,518,280
658.jpg,854,480,dog,442,119,607,357
839.jpg,854,480,dog,385,186,411,230
262.jpg,854,480,dog,408,189,543,317
77.jpg,854,480,dog,291,226,396,326
501.jpg,854,480,dog,421,181,654,342
1220.jpg,1280,720,dog,765,101,797,117
1220.jpg,1280,720,dog,802,95,831,117
1069.jpg,854,480,dog,386,146,471,223
1210.jpg,1280,720,dog,718,291,752,314
1210.jpg,1280,720,dog,684,304,713,316
932.jpg,854,480,dog,298,167,561,474
821.jpg,854,480,dog,316,141,363,178
150.jpg,854,480,dog,393,153,545,272
271.jpg,854,480,dog,406,200,583,390
1140.jpg,720,1280,dog,381,143,518,427
1091.jpg,854,480,dog,369,101,453,198
159.jpg,854,480,dog,329,224,531,379
372.jpg,854,480,dog,432,1,493,36
491.jpg,854,480,dog,393,168,603,277
1045.jpg,854,480,dog,457,215,509,263
127.jpg,854,480,dog,421,244,514,297
158.jpg,854,480,dog,335,222,521,353
1158.jpg,720,1280,dog,489,349,575,433
727.jpg,854,480,dog,276,170,379,251
727.jpg,854,480,dog,140,137,207,172
688.jpg,854,480,dog,525,172,564,212
688.jpg,854,480,dog,340,181,375,202
1079.jpg,854,480,dog,425,140,467,233
146.jpg,854,480,dog,380,223,523,329
873.jpg,854,480,dog,353,153,438,226
979.jpg,854,480,dog,361,53,444,105
47.jpg,854,480,dog,274,270,475,401
48.jpg,854,480,dog,266,274,471,414
257.jpg,854,480,dog,382,150,518,263
707.jpg,854,480,dog,98,118,144,153
707.jpg,854,480,dog,298,129,358,187
381.jpg,854,480,dog,333,104,422,150
12.jpg,854,480,dog,299,160,433,226
650.jpg,854,480,dog,403,103,489,311
887.jpg,854,480,dog,359,155,469,254
649.jpg,854,480,dog,416,102,496,298
273.jpg,854,480,dog,428,204,617,396
817.jpg,854,480,dog,386,164,425,204
309.jpg,854,480,dog,278,259,351,318
88.jpg,854,480,dog,336,299,486,444
114.jpg,854,480,dog,326,253,466,408
574.jpg,854,480,dog,473,211,546,250
711.jpg,854,480,dog,302,150,376,224
711.jpg,854,480,dog,110,143,181,179
102.jpg,854,480,dog,322,257,461,418
1235.jpg,720,1280,dog,158,529,538,714
647.jpg,854,480,dog,386,86,458,274
790.jpg,854,480,dog,409,133,432,169
696.jpg,854,480,dog,330,155,374,203
696.jpg,854,480,dog,126,165,167,192
1024.jpg,854,480,dog,479,321,694,480
447.jpg,854,480,dog,186,191,373,362
512.jpg,854,480,dog,424,223,599,480
284.jpg,854,480,dog,373,151,601,376
389.jpg,854,480,dog,361,136,449,182
216.jpg,854,480,dog,435,192,575,284
760.jpg,854,480,dog,235,82,270,116
933.jpg,854,480,dog,294,160,564,451
34.jpg,854,480,dog,279,200,451,321
97.jpg,854,480,dog,281,247,424,404
551.jpg,854,480,dog,373,104,423,136
1035.jpg,854,480,dog,393,191,447,233
143.jpg,854,480,dog,406,201,539,288
92.jpg,854,480,dog,269,274,414,426
1093.jpg,854,480,dog,391,116,476,219
508.jpg,854,480,dog,444,231,654,458
931.jpg,854,480,dog,240,130,495,459
100.jpg,854,480,dog,322,260,468,422
661.jpg,854,480,dog,459,116,639,384
1078.jpg,854,480,dog,425,145,473,230
457.jpg,854,480,dog,299,171,436,332
938.jpg,854,480,dog,278,146,537,379
778.jpg,854,480,dog,313,104,355,148
1060.jpg,854,480,dog,439,189,508,251
1223.jpg,720,1280,dog,271,418,446,502
675.jpg,854,480,dog,170,147,210,170
675.jpg,854,480,dog,367,138,398,172
923.jpg,854,480,dog,252,220,413,480
681.jpg,854,480,dog,358,158,395,197
681.jpg,854,480,dog,162,173,201,201
1121.jpg,854,480,dog,458,178,660,397
256.jpg,854,480,dog,392,157,512,264
366.jpg,854,480,dog,396,111,462,171
298.jpg,854,480,dog,438,211,663,449
68.jpg,854,480,dog,361,195,454,273
869.jpg,854,480,dog,372,153,446,220
472.jpg,854,480,dog,378,144,496,201
555.jpg,854,480,dog,338,105,393,139
1302.jpg,720,1280,dog,338,129,407,185
1302.jpg,720,1280,dog,17,199,174,292
1165.jpg,1280,720,dog,513,395,656,555
1165.jpg,1280,720,dog,409,409,576,486
519.jpg,854,480,dog,537,246,708,480
922.jpg,854,480,dog,306,233,433,480
168.jpg,854,480,dog,320,203,541,415
58.jpg,854,480,dog,316,133,403,209
200.jpg,854,480,dog,457,185,586,245
392.jpg,854,480,dog,364,136,459,191
945.jpg,854,480,dog,53,104,279,328
9.jpg,854,480,dog,323,157,446,226
884.jpg,854,480,dog,343,156,441,251
86.jpg,854,480,dog,349,254,484,386
779.jpg,854,480,dog,325,106,362,146
155.jpg,854,480,dog,353,212,529,346
35.jpg,854,480,dog,273,209,453,331
183.jpg,854,480,dog,386,195,469,238
13.jpg,854,480,dog,299,147,433,225
1282.jpg,720,1280,dog,236,341,360,508
716.jpg,854,480,dog,133,41,179,73
716.jpg,854,480,dog,315,62,390,131
720.jpg,854,480,dog,125,83,171,116
720.jpg,854,480,dog,293,103,382,181
450.jpg,854,480,dog,158,195,341,360
1083.jpg,854,480,dog,419,82,486,176
911.jpg,854,480,dog,343,218,514,438
291.jpg,854,480,dog,410,204,633,411
1208.jpg,1280,720,dog,324,229,391,270
810.jpg,854,480,dog,409,144,435,186
101.jpg,854,480,dog,326,254,465,417
239.jpg,854,480,dog,383,255,475,323
123.jpg,854,480,dog,373,181,469,238
1288.jpg,720,1280,dog,226,265,534,574
947.jpg,854,480,dog,8,157,219,344
1009.jpg,854,480,dog,519,232,697,353
934.jpg,854,480,dog,249,149,514,433
400.jpg,854,480,dog,340,123,445,182
606.jpg,854,480,dog,438,110,500,181
807.jpg,854,480,dog,416,164,439,199
1230.jpg,1280,720,dog,1,296,138,381
1230.jpg,1280,720,dog,1144,142,1209,225
175.jpg,854,480,dog,378,204,613,432
721.jpg,854,480,dog,288,111,377,189
721.jpg,854,480,dog,121,88,167,126
301.jpg,854,480,dog,399,124,465,181
1084.jpg,854,480,dog,413,75,484,172
476.jpg,854,480,dog,377,156,513,215
531.jpg,854,480,dog,420,93,460,115
488.jpg,854,480,dog,364,156,537,251
299.jpg,854,480,dog,439,218,666,456
6.jpg,854,480,dog,303,178,418,244
1057.jpg,854,480,dog,438,194,512,256
1040.jpg,854,480,dog,434,206,489,250
188.jpg,854,480,dog,483,169,576,205
1281.jpg,720,1280,dog,367,159,548,292
416.jpg,854,480,dog,285,163,462,257
412.jpg,854,480,dog,292,156,442,236
502.jpg,854,480,dog,439,198,666,382
914.jpg,854,480,dog,273,244,465,480
503.jpg,854,480,dog,424,215,650,394
26.jpg,854,480,dog,287,177,453,284
482.jpg,854,480,dog,404,169,537,239
199.jpg,854,480,dog,467,184,586,239
500.jpg,854,480,dog,404,176,630,310
308.jpg,854,480,dog,285,251,353,309
1113.jpg,854,480,dog,416,151,556,346
99.jpg,854,480,dog,306,254,450,417
708.jpg,854,480,dog,299,147,360,207
708.jpg,854,480,dog,97,143,146,173
1061.jpg,854,480,dog,435,185,510,246
439.jpg,854,480,dog,196,213,445,359
729.jpg,854,480,dog,274,127,383,211
729.jpg,854,480,dog,152,82,218,118
1022.jpg,854,480,dog,430,277,631,459
1088.jpg,854,480,dog,381,87,462,183
1041.jpg,854,480,dog,422,204,482,261
64.jpg,854,480,dog,375,189,469,266
169.jpg,854,480,dog,326,183,555,398
226.jpg,854,480,dog,409,175,477,221
1038.jpg,854,480,dog,419,188,477,238
511.jpg,854,480,dog,399,224,588,475
90.jpg,854,480,dog,315,303,447,452
918.jpg,854,480,dog,241,215,406,466
709.jpg,854,480,dog,103,157,152,187
709.jpg,854,480,dog,302,160,365,221
755.jpg,854,480,dog,296,71,339,109
497.jpg,854,480,dog,393,190,605,319
1095.jpg,854,480,dog,416,129,499,236
19.jpg,854,480,dog,330,120,488,209
380.jpg,854,480,dog,325,97,399,149
236.jpg,854,480,dog,386,204,467,262
665.jpg,854,480,dog,56,157,118,183
665.jpg,854,480,dog,268,141,310,177
883.jpg,854,480,dog,345,148,443,240
316.jpg,854,480,dog,216,337,301,411
250.jpg,854,480,dog,416,133,531,220
484.jpg,854,480,dog,360,157,516,237
1072.jpg,854,480,dog,419,147,498,230
642.jpg,854,480,dog,447,99,528,262
703.jpg,854,480,dog,268,120,325,175
703.jpg,854,480,dog,56,118,101,147
748.jpg,854,480,dog,1,108,50,152
748.jpg,854,480,dog,1,228,95,325
413.jpg,854,480,dog,276,161,439,254
405.jpg,854,480,dog,351,112,472,185
74.jpg,854,480,dog,336,233,443,331
489.jpg,854,480,dog,375,164,553,263
91.jpg,854,480,dog,286,277,413,434
1119.jpg,854,480,dog,401,148,579,358
1004.jpg,854,480,dog,550,217,702,319
567.jpg,854,480,dog,362,163,427,200
986.jpg,854,480,dog,360,99,462,156
361.jpg,854,480,dog,370,122,459,175
107.jpg,854,480,dog,314,243,459,397
197.jpg,854,480,dog,469,186,586,239
1232.jpg,720,1280,dog,589,216,654,280
698.jpg,854,480,dog,327,178,376,228
698.jpg,854,480,dog,125,190,169,216
629.jpg,854,480,dog,446,84,530,212
950.jpg,854,480,dog,18,165,208,319
1026.jpg,854,480,dog,546,357,780,480
440.jpg,854,480,dog,190,210,433,360
901.jpg,854,480,dog,331,192,495,351
999.jpg,854,480,dog,452,183,582,268
1287.jpg,720,1280,dog,400,416,527,470
1287.jpg,720,1280,dog,278,401,396,463
1028.jpg,854,480,dog,379,164,435,215
1123.jpg,854,480,dog,504,180,715,424
926.jpg,854,480,dog,140,188,378,480
889.jpg,854,480,dog,357,164,471,270
278.jpg,854,480,dog,417,164,643,391
1199.jpg,720,1280,dog,7,263,157,546
1199.jpg,720,1280,dog,300,577,711,1052
60.jpg,854,480,dog,331,131,413,213
1032.jpg,854,480,dog,369,178,422,231
792.jpg,854,480,dog,406,144,428,181
639.jpg,854,480,dog,463,95,533,247
454.jpg,854,480,dog,186,161,338,324
588.jpg,854,480,dog,367,111,416,171
1167.jpg,1280,720,dog,793,106,824,131
1167.jpg,1280,720,dog,761,118,788,133
206.jpg,854,480,dog,463,180,595,250
319.jpg,854,480,dog,199,338,284,415
894.jpg,854,480,dog,363,171,491,284
668.jpg,854,480,dog,73,144,132,167
668.jpg,854,480,dog,284,132,320,168
314.jpg,854,480,dog,238,311,315,385
285.jpg,854,480,dog,385,164,617,383
847.jpg,854,480,dog,390,107,421,151
846.jpg,854,480,dog,380,100,417,149
84.jpg,854,480,dog,373,224,490,350
44.jpg,854,480,dog,253,270,461,413
364.jpg,854,480,dog,365,123,462,184
566.jpg,854,480,dog,353,176,415,212
1272.jpg,720,1280,dog,582,171,720,329
1272.jpg,720,1280,dog,455,99,558,192
125.jpg,854,480,dog,393,204,487,250
1070.jpg,854,480,dog,402,152,484,223
149.jpg,854,480,dog,365,172,519,278
802.jpg,854,480,dog,419,154,445,200
685.jpg,854,480,dog,343,170,379,196
685.jpg,854,480,dog,528,159,567,200
62.jpg,854,480,dog,328,154,420,233
735.jpg,854,480,dog,162,140,296,243
735.jpg,854,480,dog,77,89,144,128
1142.jpg,720,1280,dog,189,306,546,620
829.jpg,854,480,dog,382,183,415,226
485.jpg,854,480,dog,366,158,515,237
585.jpg,854,480,dog,359,79,402,132
561.jpg,854,480,dog,366,136,420,170
1001.jpg,854,480,dog,493,184,629,280
220.jpg,854,480,dog,356,140,444,198
16.jpg,854,480,dog,306,131,447,217
1175.jpg,1280,720,dog,889,382,1062,447
276.jpg,854,480,dog,431,211,637,417
872.jpg,854,480,dog,352,159,435,231
1319.jpg,720,1280,dog,1,148,49,260
1319.jpg,720,1280,dog,183,459,517,644
811.jpg,854,480,dog,419,147,442,188
702.jpg,854,480,dog,97,143,142,171
702.jpg,854,480,dog,303,142,356,194
694.jpg,854,480,dog,345,148,390,195
694.jpg,854,480,dog,145,164,187,189
526.jpg,854,480,dog,381,133,420,164
144.jpg,854,480,dog,391,215,527,295
1075.jpg,854,480,dog,439,143,510,230
192.jpg,854,480,dog,512,189,607,233
1315.jpg,720,1280,dog,332,201,382,252
1315.jpg,720,1280,dog,209,179,237,230
1315.jpg,720,1280,dog,142,135,214,196
490.jpg,854,480,dog,396,164,560,261
438.jpg,854,480,dog,175,224,432,374
163.jpg,854,480,dog,359,211,552,409
796.jpg,854,480,dog,417,139,446,177
384.jpg,854,480,dog,335,132,422,165
524.jpg,854,480,dog,386,126,417,156
1296.jpg,720,1280,dog,177,531,544,710
268.jpg,854,480,dog,385,204,551,362
631.jpg,854,480,dog,429,84,508,209
282.jpg,854,480,dog,412,135,630,371
414.jpg,854,480,dog,301,162,476,241
219.jpg,854,480,dog,354,137,430,188
1228.jpg,1280,720,dog,550,375,670,499
1228.jpg,1280,720,dog,453,398,584,457
98.jpg,854,480,dog,296,247,433,404
264.jpg,854,480,dog,409,192,563,325
280.jpg,854,480,dog,387,144,619,375
1178.jpg,720,1280,dog,296,299,372,362
1178.jpg,720,1280,dog,256,334,304,366
1178.jpg,720,1280,dog,210,312,278,362
173.jpg,854,480,dog,350,185,589,405
1290.jpg,720,1280,dog,605,202,697,263
1127.jpg,1280,720,dog,559,257,701,347
8.jpg,854,480,dog,309,170,431,231
1257.jpg,720,1280,dog,174,74,214,147
1257.jpg,720,1280,dog,118,107,169,143
1257.jpg,720,1280,dog,83,85,140,140
769.jpg,854,480,dog,277,96,318,129
451.jpg,854,480,dog,154,193,334,349
788.jpg,854,480,dog,426,125,452,169
989.jpg,854,480,dog,384,104,488,166
678.jpg,854,480,dog,162,148,213,173
678.jpg,854,480,dog,359,137,395,176
1264.jpg,720,1280,dog,414,1,540,37
1258.jpg,1280,720,dog,623,359,770,489
474.jpg,854,480,dog,370,150,497,217
1293.jpg,720,1280,dog,406,420,530,474
1293.jpg,720,1280,dog,288,405,406,467
230.jpg,854,480,dog,399,171,479,224
725.jpg,854,480,dog,249,179,352,260
725.jpg,854,480,dog,98,152,164,183
134.jpg,854,480,dog,380,242,486,302
71.jpg,854,480,dog,345,202,446,291
223.jpg,854,480,dog,370,180,457,222
1166.jpg,720,1280,dog,393,339,577,547
619.jpg,854,480,dog,399,85,450,185
483.jpg,854,480,dog,368,173,528,252
1187.jpg,720,1280,dog,57,262,297,443
1187.jpg,720,1280,dog,618,262,720,475
1322.jpg,1280,720,dog,283,213,345,243
1328.jpg,720,1280,dog,401,320,652,596
799.jpg,854,480,dog,417,140,445,184
83.jpg,854,480,dog,371,227,490,346
145.jpg,854,480,dog,384,226,529,317
1025.jpg,854,480,dog,501,336,739,480
444.jpg,854,480,dog,137,221,373,366
939.jpg,854,480,dog,274,131,508,355
253.jpg,854,480,dog,406,131,523,226
1180.jpg,720,1280,dog,350,255,522,488
126.jpg,854,480,dog,407,231,497,282
956.jpg,854,480,dog,13,175,173,317
935.jpg,854,480,dog,223,153,512,447
614.jpg,854,480,dog,408,104,456,186
254.jpg,854,480,dog,381,144,493,237
267.jpg,854,480,dog,389,204,552,359
1012.jpg,854,480,dog,461,239,622,360
25.jpg,854,480,dog,300,156,466,269
185.jpg,854,480,dog,422,189,500,233
775.jpg,854,480,dog,309,131,353,170
441.jpg,854,480,dog,186,219,429,369
676.jpg,854,480,dog,181,145,222,167
676.jpg,854,480,dog,375,135,409,172
656.jpg,854,480,dog,446,111,583,349
733.jpg,854,480,dog,207,132,332,224
733.jpg,854,480,dog,110,82,176,121
1266.jpg,1280,720,dog,391,251,535,326
732.jpg,854,480,dog,125,78,190,115
732.jpg,854,480,dog,227,130,352,222
217.jpg,854,480,dog,439,200,595,296
1249.jpg,720,1280,dog,412,418,533,473
1249.jpg,720,1280,dog,296,401,411,466
69.jpg,854,480,dog,350,185,448,277
397.jpg,854,480,dog,346,136,449,195
422.jpg,854,480,dog,310,152,516,248
743.jpg,854,480,dog,62,75,131,115
743.jpg,854,480,dog,67,162,236,274
634.jpg,854,480,dog,413,76,486,215
636.jpg,854,480,dog,411,85,480,227
1170.jpg,720,1280,dog,1,632,196,1006
1170.jpg,720,1280,dog,63,322,176,577
987.jpg,854,480,dog,373,94,467,151
996.jpg,854,480,dog,473,163,589,240
1301.jpg,1280,720,dog,494,406,623,461
1301.jpg,1280,720,dog,588,392,691,496
63.jpg,854,480,dog,357,167,436,243
608.jpg,854,480,dog,447,88,501,167
1154.jpg,720,1280,dog,435,327,601,542
1154.jpg,720,1280,dog,540,421,679,600
893.jpg,854,480,dog,360,175,482,295
756.jpg,854,480,dog,286,46,323,86
1006.jpg,854,480,dog,579,237,749,357
448.jpg,854,480,dog,173,216,354,384
1206.jpg,720,1280,dog,514,345,691,555
558.jpg,854,480,dog,359,123,413,154
1241.jpg,1280,720,dog,771,294,804,318
1241.jpg,1280,720,dog,741,306,764,323
699.jpg,854,480,dog,121,186,165,212
699.jpg,854,480,dog,323,176,370,228
930.jpg,854,480,dog,213,132,480,467
514.jpg,854,480,dog,448,239,623,480
1177.jpg,1280,720,dog,654,265,691,284
1177.jpg,1280,720,dog,700,250,743,281
233.jpg,854,480,dog,402,166,486,221
252.jpg,854,480,dog,415,139,530,230
684.jpg,854,480,dog,305,171,343,193
684.jpg,854,480,dog,490,154,530,196
663.jpg,854,480,dog,527,119,720,400
442.jpg,854,480,dog,173,207,416,375
266.jpg,854,480,dog,386,204,551,344
1205.jpg,1280,720,dog,283,233,342,259
1058.jpg,854,480,dog,445,197,512,264
638.jpg,854,480,dog,451,92,527,236
1146.jpg,1280,720,dog,602,255,711,333
944.jpg,854,480,dog,127,105,360,321
241.jpg,854,480,dog,397,242,484,305
623.jpg,854,480,dog,462,84,519,185
453.jpg,854,480,dog,142,153,319,324
128.jpg,854,480,dog,422,250,525,304
518.jpg,854,480,dog,513,259,688,480
895.jpg,854,480,dog,352,176,485,297
251.jpg,854,480,dog,415,136,529,227
39.jpg,854,480,dog,249,247,439,382
1216.jpg,1280,720,dog,628,273,761,360
1092.jpg,854,480,dog,373,117,461,222
697.jpg,854,480,dog,330,171,376,219
697.jpg,854,480,dog,129,184,169,208
797.jpg,854,480,dog,433,144,458,188
580.jpg,854,480,dog,689,244,777,285
830.jpg,854,480,dog,378,176,411,215
2.jpg,854,480,dog,310,191,423,257
654.jpg,854,480,dog,424,121,548,341
582.jpg,854,480,dog,373,49,419,109
1014.jpg,854,480,dog,445,215,631,361
781.jpg,854,480,dog,334,119,371,157
1109.jpg,854,480,dog,440,176,579,331
745.jpg,854,480,dog,96,70,163,111
745.jpg,854,480,dog,68,162,240,279
1316.jpg,720,1280,dog,267,396,458,482
507.jpg,854,480,dog,433,238,659,461
563.jpg,854,480,dog,380,162,435,193
212.jpg,854,480,dog,464,197,595,280
587.jpg,854,480,dog,346,99,385,153
669.jpg,854,480,dog,95,144,146,171
669.jpg,854,480,dog,299,131,332,164
906.jpg,854,480,dog,354,179,537,357
459.jpg,854,480,dog,357,183,501,338
139.jpg,854,480,dog,382,230,499,300
881.jpg,854,480,dog,343,159,437,245
1330.jpg,720,1280,dog,187,469,483,694
624.jpg,854,480,dog,462,84,527,197
808.jpg,854,480,dog,407,162,432,193
72.jpg,854,480,dog,354,210,458,308
1306.jpg,1280,720,dog,606,342,850,491
1306.jpg,1280,720,dog,847,347,967,441
135.jpg,854,480,dog,330,237,441,305
554.jpg,854,480,dog,342,103,400,136
103.jpg,854,480,dog,326,256,468,424
737.jpg,854,480,dog,113,132,257,237
737.jpg,854,480,dog,39,68,112,109
875.jpg,854,480,dog,356,153,446,223
475.jpg,854,480,dog,387,154,511,211
270.jpg,854,480,dog,402,205,583,380
985.jpg,854,480,dog,352,103,444,158
1173.jpg,720,1280,dog,330,407,488,479
1173.jpg,720,1280,dog,173,403,329,473
903.jpg,854,480,dog,309,191,491,348
1147.jpg,1280,720,dog,1160,142,1205,219
1147.jpg,1280,720,dog,1,291,75,375
18.jpg,854,480,dog,339,104,481,201
184.jpg,854,480,dog,399,196,486,231
1276.jpg,720,1280,dog,269,420,452,512
682.jpg,854,480,dog,161,187,199,210
682.jpg,854,480,dog,356,168,394,208
235.jpg,854,480,dog,395,157,478,219
31.jpg,854,480,dog,298,200,470,316
312.jpg,854,480,dog,255,291,333,356
671.jpg,854,480,dog,115,131,154,152
671.jpg,854,480,dog,318,108,351,146
1201.jpg,720,1280,dog,428,63,548,129
231.jpg,854,480,dog,402,179,479,237
705.jpg,854,480,dog,77,118,121,149
705.jpg,854,480,dog,285,121,345,178
1240.jpg,720,1280,dog,362,143,436,284
1240.jpg,720,1280,dog,333,559,720,1118
1197.jpg,720,1280,dog,283,571,573,731
73.jpg,854,480,dog,339,233,444,334
728.jpg,854,480,dog,165,99,228,138
728.jpg,854,480,dog,285,141,394,225
1169.jpg,720,1280,dog,407,169,538,294
242.jpg,854,480,dog,389,236,483,303
789.jpg,854,480,dog,415,126,440,164
112.jpg,854,480,dog,305,235,442,397
827.jpg,854,480,dog,341,171,379,210
115.jpg,854,480,dog,377,179,457,223
575.jpg,854,480,dog,479,210,559,251
1289.jpg,720,1280,dog,212,218,247,284
1289.jpg,720,1280,dog,251,186,308,262
1280.jpg,720,1280,dog,255,148,374,271
1280.jpg,720,1280,dog,619,212,685,389
275.jpg,854,480,dog,432,205,640,415
556.jpg,854,480,dog,348,108,407,135
1008.jpg,854,480,dog,554,224,728,346
1055.jpg,854,480,dog,445,209,507,268
1265.jpg,720,1280,dog,391,135,524,425
530.jpg,854,480,dog,419,86,452,114
896.jpg,854,480,dog,349,177,476,302
403.jpg,854,480,dog,360,114,480,178
1117.jpg,854,480,dog,333,114,513,319
913.jpg,854,480,dog,279,224,461,467
265.jpg,854,480,dog,409,195,546,329
559.jpg,854,480,dog,353,137,426,171
644.jpg,854,480,dog,416,99,499,272
33.jpg,854,480,dog,285,192,459,317
925.jpg,854,480,dog,209,191,367,480
768.jpg,854,480,dog,273,76,313,117
367.jpg,854,480,dog,412,101,478,159
1081.jpg,854,480,dog,419,127,479,221
140.jpg,854,480,dog,390,220,519,300
1233.jpg,1280,720,dog,544,260,706,346
109.jpg,854,480,dog,306,242,449,397
1059.jpg,854,480,dog,432,197,505,254
386.jpg,854,480,dog,367,124,454,164
1247.jpg,720,1280,dog,622,274,660,316
1247.jpg,720,1280,dog,256,184,290,236
1247.jpg,720,1280,dog,192,165,222,218
1247.jpg,720,1280,dog,128,137,174,195
395.jpg,854,480,dog,371,137,464,194
218.jpg,854,480,dog,455,197,609,303
868.jpg,854,480,dog,371,151,453,216
1101.jpg,854,480,dog,417,150,513,271
955.jpg,854,480,dog,26,183,203,302
371.jpg,854,480,dog,432,1,496,48
398.jpg,854,480,dog,345,139,439,197
772.jpg,854,480,dog,278,98,334,143
1273.jpg,720,1280,dog,252,423,442,508
124.jpg,854,480,dog,387,177,479,242
172.jpg,854,480,dog,353,180,587,437
304.jpg,854,480,dog,406,179,466,237
80.jpg,854,480,dog,332,260,448,365
1011.jpg,854,480,dog,489,235,666,363
46.jpg,854,480,dog,267,271,477,413
17.jpg,854,480,dog,327,115,467,209
176.jpg,854,480,dog,385,213,615,451
826.jpg,854,480,dog,330,166,366,205
289.jpg,854,480,dog,391,188,626,406
948.jpg,854,480,dog,12,172,231,331
493.jpg,854,480,dog,413,191,612,292
55.jpg,854,480,dog,341,112,418,188
823.jpg,854,480,dog,320,152,361,195
645.jpg,854,480,dog,370,93,451,266
1195.jpg,720,1280,dog,252,333,464,455
377.jpg,854,480,dog,342,76,416,127
717.jpg,854,480,dog,312,79,389,149
717.jpg,854,480,dog,131,56,178,88
693.jpg,854,480,dog,357,141,402,188
693.jpg,854,480,dog,160,158,200,183
1107.jpg,854,480,dog,419,159,552,299
602.jpg,854,480,dog,402,117,456,189
764.jpg,854,480,dog,241,84,288,122
207.jpg,854,480,dog,483,202,600,277
409.jpg,854,480,dog,347,138,479,216
1286.jpg,720,1280,dog,297,278,483,382
166.jpg,854,480,dog,339,221,553,431
627.jpg,854,480,dog,441,81,509,202
1294.jpg,720,1280,dog,603,188,705,259
712.jpg,854,480,dog,106,138,149,170
712.jpg,854,480,dog,294,148,360,210
584.jpg,854,480,dog,374,72,413,125
1086.jpg,854,480,dog,397,71,466,161
816.jpg,854,480,dog,381,154,410,191
258.jpg,854,480,dog,388,155,519,261
897.jpg,854,480,dog,348,175,477,303
814.jpg,854,480,dog,376,153,406,193
22.jpg,854,480,dog,308,154,473,255
550.jpg,854,480,dog,386,115,434,152
78.jpg,854,480,dog,293,230,403,330
713.jpg,854,480,dog,299,131,369,195
713.jpg,854,480,dog,113,119,157,150
1126.jpg,720,1280,dog,268,341,389,414
1126.jpg,720,1280,dog,411,357,515,418
1136.jpg,720,1280,dog,122,288,513,618
318.jpg,854,480,dog,201,355,287,425
718.jpg,854,480,dog,134,52,181,84
718.jpg,854,480,dog,309,76,390,146
1043.jpg,854,480,dog,439,208,493,255
1303.jpg,720,1280,dog,360,457,607,780
152.jpg,854,480,dog,393,169,553,292
958.jpg,854,480,dog,1,206,151,308
653.jpg,854,480,dog,439,112,551,322
767.jpg,854,480,dog,268,78,310,117
655.jpg,854,480,dog,437,118,565,347
1030.jpg,854,480,dog,364,183,425,229
1168.jpg,720,1280,dog,299,404,412,468
1168.jpg,720,1280,dog,414,422,535,474
81.jpg,854,480,dog,354,257,466,368
321.jpg,854,480,dog,207,323,293,407
557.jpg,854,480,dog,355,113,408,142
689.jpg,854,480,dog,447,162,487,206
689.jpg,854,480,dog,257,178,298,199
461.jpg,854,480,dog,337,192,471,353
269.jpg,854,480,dog,394,217,580,378
1143.jpg,720,1280,dog,493,420,638,543
1047.jpg,854,480,dog,484,221,538,278
1133.jpg,720,1280,dog,165,210,532,531
517.jpg,854,480,dog,506,258,666,480
596.jpg,854,480,dog,418,108,465,167
549.jpg,854,480,dog,393,122,441,154
1320.jpg,720,1280,dog,165,220,552,537
851.jpg,854,480,dog,373,92,430,150
828.jpg,854,480,dog,379,173,413,214
274.jpg,854,480,dog,432,203,639,404
1003.jpg,854,480,dog,533,210,690,301
1065.jpg,854,480,dog,413,184,498,252
1185.jpg,1280,720,dog,303,56,365,90
365.jpg,854,480,dog,379,117,456,179
29.jpg,854,480,dog,293,207,466,317
96.jpg,854,480,dog,268,234,408,389
978.jpg,854,480,dog,337,38,421,93
110.jpg,854,480,dog,313,239,453,397
20.jpg,854,480,dog,337,138,484,235
495.jpg,854,480,dog,406,210,605,311
673.jpg,854,480,dog,125,139,169,163
673.jpg,854,480,dog,329,127,361,162
1259.jpg,720,1280,dog,406,174,638,337
1259.jpg,720,1280,dog,333,66,438,175
234.jpg,854,480,dog,403,159,479,216
521.jpg,854,480,dog,371,130,413,157
860.jpg,854,480,dog,374,127,445,182
603.jpg,854,480,dog,401,108,455,183
723.jpg,854,480,dog,261,155,358,236
723.jpg,854,480,dog,110,126,161,162
1066.jpg,854,480,dog,385,152,477,227
290.jpg,854,480,dog,403,191,632,410
162.jpg,854,480,dog,341,203,544,391
862.jpg,854,480,dog,373,127,446,182
394.jpg,854,480,dog,373,146,466,200
374.jpg,854,480,dog,416,45,471,95
928.jpg,854,480,dog,166,102,415,480
523.jpg,854,480,dog,379,134,417,163
626.jpg,854,480,dog,441,81,507,196
1191.jpg,1280,720,dog,655,316,716,434
436.jpg,854,480,dog,210,237,484,371
1155.jpg,720,1280,dog,167,512,520,709
1155.jpg,720,1280,dog,1,175,74,289
641.jpg,854,480,dog,455,92,534,257
52.jpg,854,480,dog,354,130,427,193
568.jpg,854,480,dog,359,168,422,201
4.jpg,854,480,dog,317,193,432,257
611.jpg,854,480,dog,443,91,493,177
208.jpg,854,480,dog,478,199,597,261
390.jpg,854,480,dog,357,133,451,189
246.jpg,854,480,dog,384,155,487,224
67.jpg,854,480,dog,362,204,455,286
1182.jpg,720,1280,dog,187,392,430,571
1297.jpg,1280,720,dog,600,335,693,478
1018.jpg,854,480,dog,402,185,582,324
42.jpg,854,480,dog,259,267,457,404
855.jpg,854,480,dog,375,121,445,177
660.jpg,854,480,dog,433,109,589,364
1097.jpg,854,480,dog,426,136,518,254
794.jpg,854,480,dog,404,141,428,180
628.jpg,854,480,dog,449,90,520,211
1111.jpg,854,480,dog,441,170,578,341
1033.jpg,854,480,dog,382,184,435,231
763.jpg,854,480,dog,234,71,281,111
315.jpg,854,480,dog,219,333,319,401
1034.jpg,854,480,dog,383,190,433,234
579.jpg,854,480,dog,691,248,780,293
119.jpg,854,480,dog,408,180,493,231
1318.jpg,720,1280,dog,277,282,699,610
863.jpg,854,480,dog,366,124,452,184
320.jpg,854,480,dog,205,336,285,411
1299.jpg,1280,720,dog,602,259,715,330
410.jpg,854,480,dog,332,144,463,221
36.jpg,854,480,dog,277,230,457,351
866.jpg,854,480,dog,373,150,450,211
297.jpg,854,480,dog,410,212,645,441
695.jpg,854,480,dog,134,158,176,183
695.jpg,854,480,dog,338,144,382,192
1144.jpg,1280,720,dog,463,286,548,328
178.jpg,854,480,dog,386,230,622,455
157.jpg,854,480,dog,353,225,513,365
385.jpg,854,480,dog,362,126,446,161
622.jpg,854,480,dog,454,82,517,182
637.jpg,854,480,dog,431,97,509,237
890.jpg,854,480,dog,358,167,468,273
782.jpg,854,480,dog,344,127,372,170
1130.jpg,720,1280,dog,391,176,513,243
1250.jpg,720,1280,dog,148,218,573,543
201.jpg,854,480,dog,437,174,567,232
744.jpg,854,480,dog,77,169,246,281
744.jpg,854,480,dog,94,80,161,121
198.jpg,854,480,dog,464,185,580,235
528.jpg,854,480,dog,405,107,446,129
3.jpg,854,480,dog,312,189,425,250
757.jpg,854,480,dog,288,44,328,86
224.jpg,854,480,dog,383,170,466,223
1013.jpg,854,480,dog,440,222,611,348
793.jpg,854,480,dog,399,138,423,183
822.jpg,854,480,dog,325,144,363,177
1179.jpg,720,1280,dog,469,233,720,555
415.jpg,854,480,dog,288,189,462,276
840.jpg,854,480,dog,402,173,437,225
310.jpg,854,480,dog,268,280,342,337
121.jpg,854,480,dog,382,175,477,217
552.jpg,854,480,dog,370,91,423,124
706.jpg,854,480,dog,294,126,354,183
706.jpg,854,480,dog,88,120,134,155
739.jpg,854,480,dog,83,132,235,240
739.jpg,854,480,dog,31,60,103,102
1274.jpg,720,1280,dog,311,278,689,620
643.jpg,854,480,dog,433,104,514,271
856.jpg,854,480,dog,367,113,437,170
191.jpg,854,480,dog,513,179,612,227
942.jpg,854,480,dog,203,94,423,333
1225.jpg,720,1280,dog,557,153,617,215
1225.jpg,720,1280,dog,485,220,518,287
842.jpg,854,480,dog,352,147,387,192
449.jpg,854,480,dog,153,211,336,361
473.jpg,854,480,dog,366,146,485,203
423.jpg,854,480,dog,297,169,519,257
747.jpg,854,480,dog,54,94,125,135
747.jpg,854,480,dog,1,201,177,325
1164.jpg,720,1280,dog,178,418,356,525
1164.jpg,720,1280,dog,355,435,528,518
294.jpg,854,480,dog,413,216,646,431
302.jpg,854,480,dog,401,129,470,188
286.jpg,854,480,dog,386,165,616,397
411.jpg,854,480,dog,323,155,459,223
667.jpg,854,480,dog,61,149,119,175
667.jpg,854,480,dog,273,139,305,174
426.jpg,854,480,dog,246,204,490,307
1227.jpg,720,1280,dog,603,156,696,318
1227.jpg,720,1280,dog,450,114,555,199
66.jpg,854,480,dog,378,209,469,293
548.jpg,854,480,dog,388,118,438,149
564.jpg,854,480,dog,375,171,442,202
1044.jpg,854,480,dog,443,211,504,261
601.jpg,854,480,dog,396,112,446,191
1212.jpg,1280,720,dog,618,352,854,491
1212.jpg,1280,720,dog,817,381,980,459
885.jpg,854,480,dog,347,157,453,251
1131.jpg,1280,720,dog,541,285,674,366
1042.jpg,854,480,dog,434,210,486,261
87.jpg,854,480,dog,352,265,488,394
1089.jpg,854,480,dog,383,90,467,178
892.jpg,854,480,dog,359,171,471,277
1118.jpg,854,480,dog,379,129,550,333
292.jpg,854,480,dog,410,201,637,424
809.jpg,854,480,dog,410,137,434,183
670.jpg,854,480,dog,109,147,145,168
670.jpg,854,480,dog,312,128,342,166
283.jpg,854,480,dog,392,143,599,372
845.jpg,854,480,dog,375,104,414,144
736.jpg,854,480,dog,39,69,106,108
736.jpg,854,480,dog,119,127,263,232
510.jpg,854,480,dog,385,211,606,471
1174.jpg,720,1280,dog,387,372,495,455
870.jpg,854,480,dog,361,164,447,230
120.jpg,854,480,dog,400,183,486,224
1260.jpg,1280,720,dog,912,302,1098,387
1260.jpg,1280,720,dog,1,349,99,412
428.jpg,854,480,dog,206,225,449,325
153.jpg,854,480,dog,379,187,548,311
1278.jpg,720,1280,dog,269,318,434,437
929.jpg,854,480,dog,195,128,406,480
917.jpg,854,480,dog,279,208,453,465
795.jpg,854,480,dog,398,137,427,184
615.jpg,854,480,dog,408,99,460,188
594.jpg,854,480,dog,409,114,447,179
1252.jpg,1280,720,dog,426,320,533,375
1252.jpg,1280,720,dog,1214,379,1280,448
874.jpg,854,480,dog,357,149,437,217
50.jpg,854,480,dog,285,274,483,411
1157.jpg,720,1280,dog,346,174,533,367
1157.jpg,720,1280,dog,130,51,267,182
1104.jpg,854,480,dog,405,152,533,298
982.jpg,854,480,dog,333,106,423,155
877.jpg,854,480,dog,339,168,429,242
118.jpg,854,480,dog,400,196,493,232
506.jpg,854,480,dog,468,236,713,448
633.jpg,854,480,dog,422,71,493,203
801.jpg,854,480,dog,426,147,452,189
1149.jpg,720,1280,dog,456,237,526,433
437.jpg,854,480,dog,203,231,463,384
610.jpg,854,480,dog,438,87,499,172
189.jpg,854,480,dog,501,163,585,208
387.jpg,854,480,dog,361,123,457,168
1269.jpg,720,1280,dog,269,414,448,498
824.jpg,854,480,dog,329,158,364,198
837.jpg,854,480,dog,286,229,319,275
1238.jpg,720,1280,dog,620,288,709,371
1238.jpg,720,1280,dog,64,95,100,160
1238.jpg,720,1280,dog,23,123,63,164
838.jpg,854,480,dog,301,220,340,271
886.jpg,854,480,dog,354,152,461,247
1128.jpg,720,1280,dog,175,518,546,712
980.jpg,854,480,dog,359,60,453,111
547.jpg,854,480,dog,388,137,435,164
214.jpg,854,480,dog,458,176,594,267
43.jpg,854,480,dog,261,277,459,411
677.jpg,854,480,dog,170,133,220,165
677.jpg,854,480,dog,367,130,407,171
1295.jpg,720,1280,dog,297,312,548,561
919.jpg,854,480,dog,242,201,421,452
753.jpg,854,480,dog,304,115,339,159
674.jpg,854,480,dog,145,145,182,168
674.jpg,854,480,dog,344,131,376,170
927.jpg,854,480,dog,158,151,393,479
686.jpg,854,480,dog,532,176,571,217
686.jpg,854,480,dog,350,188,382,208
910.jpg,854,480,dog,357,207,533,416
10.jpg,854,480,dog,323,157,443,223
1189.jpg,720,1280,dog,373,345,448,414
722.jpg,854,480,dog,131,80,177,118
722.jpg,854,480,dog,289,110,381,188
21.jpg,854,480,dog,320,154,472,244
54.jpg,854,480,dog,332,130,414,191
937.jpg,854,480,dog,293,164,549,417
776.jpg,854,480,dog,302,108,339,143
210.jpg,854,480,dog,468,211,601,291
858.jpg,854,480,dog,360,122,426,181
156.jpg,854,480,dog,349,211,530,364
460.jpg,854,480,dog,363,191,503,342
516.jpg,854,480,dog,500,258,674,480
317.jpg,854,480,dog,208,349,294,431
961.jpg,854,480,dog,1,192,95,290
1005.jpg,854,480,dog,561,228,731,337
865.jpg,854,480,dog,366,137,453,191
995.jpg,854,480,dog,473,159,596,237
443.jpg,854,480,dog,157,204,391,358
850.jpg,854,480,dog,382,91,430,142
1222.jpg,720,1280,dog,344,393,464,485
51.jpg,854,480,dog,268,266,487,406
1203.jpg,720,1280,dog,61,194,144,264
1203.jpg,720,1280,dog,583,264,661,349
487.jpg,854,480,dog,353,167,528,251
1213.jpg,720,1280,dog,158,218,564,547
859.jpg,854,480,dog,366,124,433,179
784.jpg,854,480,dog,379,144,405,184
141.jpg,854,480,dog,398,203,525,286
471.jpg,854,480,dog,383,144,493,196
762.jpg,854,480,dog,240,68,283,107
759.jpg,854,480,dog,257,57,296,100
1108.jpg,854,480,dog,431,163,562,322
591.jpg,854,480,dog,354,110,406,171
646.jpg,854,480,dog,370,86,452,264
592.jpg,854,480,dog,370,115,409,173
726.jpg,854,480,dog,259,179,362,260
726.jpg,854,480,dog,119,146,185,182
1102.jpg,854,480,dog,404,151,506,285
820.jpg,854,480,dog,350,144,386,179
1.jpg,854,480,dog,293,200,406,261
24.jpg,854,480,dog,300,155,456,259
898.jpg,854,480,dog,340,170,486,318
690.jpg,854,480,dog,205,176,246,197
690.jpg,854,480,dog,399,161,441,202
147.jpg,854,480,dog,386,204,523,311
1114.jpg,854,480,dog,351,136,490,311
618.jpg,854,480,dog,387,83,437,173
1218.jpg,720,1280,dog,371,459,657,619
1218.jpg,720,1280,dog,172,201,285,299
181.jpg,854,480,dog,393,250,629,480
607.jpg,854,480,dog,445,92,500,172
404.jpg,854,480,dog,359,114,480,178
902.jpg,854,480,dog,329,188,488,338
221.jpg,854,480,dog,359,162,434,209
196.jpg,854,480,dog,473,170,592,223
546.jpg,854,480,dog,400,149,449,174
104.jpg,854,480,dog,326,247,472,404
710.jpg,854,480,dog,310,160,373,221
710.jpg,854,480,dog,116,157,159,189
952.jpg,854,480,dog,38,169,228,308
771.jpg,854,480,dog,276,104,322,143
117.jpg,854,480,dog,395,190,475,231
1183.jpg,1280,720,dog,652,219,707,254
1183.jpg,1280,720,dog,607,239,648,258
848.jpg,854,480,dog,387,92,436,137
296.jpg,854,480,dog,416,207,644,442
752.jpg,854,480,dog,290,136,334,174
227.jpg,854,480,dog,394,151,466,205
1275.jpg,1280,720,dog,850,334,980,437
1275.jpg,1280,720,dog,613,335,855,483
509.jpg,854,480,dog,399,219,600,460
734.jpg,854,480,dog,92,77,160,119
734.jpg,854,480,dog,181,131,315,234
849.jpg,854,480,dog,393,91,433,137
1251.jpg,1280,720,dog,3,274,152,365
951.jpg,854,480,dog,23,174,227,338
1000.jpg,854,480,dog,470,180,603,265
560.jpg,854,480,dog,357,136,414,165
243.jpg,854,480,dog,377,229,476,300
164.jpg,854,480,dog,346,217,562,405
648.jpg,854,480,dog,401,88,483,283
204.jpg,854,480,dog,460,189,568,252
1029.jpg,854,480,dog,380,172,431,219
113.jpg,854,480,dog,313,249,461,411
831.jpg,854,480,dog,367,157,397,197
1298.jpg,1280,720,dog,610,350,770,499
1076.jpg,854,480,dog,413,152,485,233
418.jpg,854,480,dog,308,178,501,276
434.jpg,854,480,dog,164,256,433,402
1096.jpg,854,480,dog,432,141,509,250
581.jpg,854,480,dog,356,46,422,106
263.jpg,854,480,dog,406,184,561,319
132.jpg,854,480,dog,404,230,510,287
804.jpg,854,480,dog,421,163,446,202
780.jpg,854,480,dog,324,116,362,154
1243.jpg,1280,720,dog,571,359,754,492
360.jpg,854,480,dog,373,118,462,175
1255.jpg,720,1280,dog,275,470,597,646
1255.jpg,720,1280,dog,66,177,189,277
994.jpg,854,480,dog,462,147,574,218
538.jpg,854,480,dog,406,8,449,38
65.jpg,854,480,dog,384,203,478,289
425.jpg,854,480,dog,274,189,494,296
742.jpg,854,480,dog,37,151,204,273
742.jpg,854,480,dog,12,66,86,110
1291.jpg,1280,720,dog,113,297,238,361
1291.jpg,1280,720,dog,1008,282,1164,371
529.jpg,854,480,dog,409,100,449,125
1071.jpg,854,480,dog,413,145,486,226
1181.jpg,720,1280,dog,320,235,487,341
1138.jpg,720,1280,dog,482,244,516,310
1138.jpg,720,1280,dog,624,263,658,305
1138.jpg,720,1280,dog,488,191,550,246
195.jpg,854,480,dog,471,177,591,227
468.jpg,854,480,dog,369,95,478,140
37.jpg,854,480,dog,267,244,453,367
1217.jpg,720,1280,dog,287,274,677,614
871.jpg,854,480,dog,353,162,439,231
586.jpg,854,480,dog,335,91,373,151
853.jpg,854,480,dog,387,97,447,148
1313.jpg,1280,720,dog,563,260,703,338
719.jpg,854,480,dog,304,89,385,162
719.jpg,854,480,dog,132,65,178,98
815.jpg,854,480,dog,378,150,411,194
419.jpg,854,480,dog,310,189,513,291
295.jpg,854,480,dog,410,214,636,442
179.jpg,854,480,dog,395,240,641,480
406.jpg,854,480,dog,353,125,479,196
714.jpg,854,480,dog,121,78,165,109
714.jpg,854,480,dog,304,95,377,159
430.jpg,854,480,dog,169,269,438,384
379.jpg,854,480,dog,325,102,399,153
433.jpg,854,480,dog,139,280,411,409
520.jpg,854,480,dog,549,244,714,480
1062.jpg,854,480,dog,434,183,510,247
791.jpg,854,480,dog,399,133,427,174
481.jpg,854,480,dog,402,168,542,234
630.jpg,854,480,dog,434,88,500,208
1196.jpg,720,1280,dog,611,282,713,357
1283.jpg,720,1280,dog,342,247,487,351
805.jpg,854,480,dog,424,162,447,200
138.jpg,854,480,dog,361,236,475,303
111.jpg,854,480,dog,313,237,453,394
803.jpg,854,480,dog,422,157,439,194
211.jpg,854,480,dog,459,209,589,285
1254.jpg,720,1280,dog,300,499,509,598
1254.jpg,720,1280,dog,109,471,292,588
452.jpg,854,480,dog,129,185,309,344
754.jpg,854,480,dog,291,86,339,122
209.jpg,854,480,dog,464,210,599,289
56.jpg,854,480,dog,339,117,417,186
852.jpg,854,480,dog,371,96,426,149
154.jpg,854,480,dog,366,206,535,324
249.jpg,854,480,dog,407,107,516,193
664.jpg,854,480,dog,526,128,740,423
612.jpg,854,480,dog,434,91,489,171
1207.jpg,720,1280,dog,426,439,652,690
1200.jpg,720,1280,dog,216,451,510,610
1200.jpg,720,1280,dog,1,199,85,313
396.jpg,854,480,dog,368,136,465,202
909.jpg,854,480,dog,350,194,524,396
959.jpg,854,480,dog,1,209,151,321
1007.jpg,854,480,dog,569,223,753,347
1309.jpg,720,1280,dog,360,174,501,267
921.jpg,854,480,dog,257,218,465,480
193.jpg,854,480,dog,491,180,589,228
1190.jpg,720,1280,dog,454,267,516,431
761.jpg,854,480,dog,244,88,282,122
108.jpg,854,480,dog,308,237,453,401
1048.jpg,854,480,dog,482,230,548,288
89.jpg,854,480,dog,326,304,464,454
1087.jpg,854,480,dog,381,52,459,152
991.jpg,854,480,dog,417,129,523,185
861.jpg,854,480,dog,368,128,444,192
431.jpg,854,480,dog,167,286,424,406
76.jpg,854,480,dog,299,226,413,329
1054.jpg,854,480,dog,446,217,506,271
75.jpg,854,480,dog,327,241,433,339
1120.jpg,854,480,dog,455,171,652,394
171.jpg,854,480,dog,349,172,587,408
186.jpg,854,480,dog,459,179,538,218
1002.jpg,854,480,dog,518,214,658,314
130.jpg,854,480,dog,419,233,518,291
1204.jpg,1280,720,dog,718,271,754,298
1204.jpg,1280,720,dog,682,284,713,300
53.jpg,854,480,dog,332,124,413,191
605.jpg,854,480,dog,404,109,459,182
640.jpg,854,480,dog,455,92,532,244
1277.jpg,720,1280,dog,195,345,460,506
388.jpg,854,480,dog,359,139,450,184
1229.jpg,1280,720,dog,398,225,537,325
32.jpg,854,480,dog,288,205,465,324
1021.jpg,854,480,dog,406,256,614,437
311.jpg,854,480,dog,251,290,329,352
960.jpg,854,480,dog,1,215,135,309
248.jpg,854,480,dog,398,118,506,196
1172.jpg,1280,720,dog,570,381,657,473
1172.jpg,1280,720,dog,485,405,601,445
984.jpg,854,480,dog,328,97,420,147
424.jpg,854,480,dog,293,176,503,271
148.jpg,854,480,dog,374,191,521,299
943.jpg,854,480,dog,194,111,417,330
899.jpg,854,480,dog,336,171,488,322
408.jpg,854,480,dog,349,144,475,211
513.jpg,854,480,dog,437,240,616,480
1124.jpg,854,480,dog,550,206,767,455
997.jpg,854,480,dog,448,160,577,243
1279.jpg,1280,720,dog,1,379,55,442
765.jpg,854,480,dog,259,80,299,119
990.jpg,854,480,dog,402,127,512,191
1115.jpg,854,480,dog,314,125,455,297
1267.jpg,1280,720,dog,398,316,509,379
773.jpg,854,480,dog,273,114,326,157
174.jpg,854,480,dog,369,204,595,443
1246.jpg,720,1280,dog,272,352,421,548
1246.jpg,720,1280,dog,373,431,521,600
1064.jpg,854,480,dog,421,180,501,253
1324.jpg,1280,720,dog,885,351,1074,446
600.jpg,854,480,dog,402,111,454,178
857.jpg,854,480,dog,364,119,428,177
621.jpg,854,480,dog,445,78,504,177
11.jpg,854,480,dog,306,149,433,225
1063.jpg,854,480,dog,430,182,506,253
279.jpg,854,480,dog,413,151,624,372
700.jpg,854,480,dog,307,172,355,225
700.jpg,854,480,dog,102,180,145,209
609.jpg,854,480,dog,443,90,506,171
666.jpg,854,480,dog,56,152,109,180
666.jpg,854,480,dog,265,138,301,173
40.jpg,854,480,dog,242,262,436,398
229.jpg,854,480,dog,407,155,486,211
741.jpg,854,480,dog,7,145,174,267
741.jpg,854,480,dog,1,69,48,111
421.jpg,854,480,dog,311,157,518,255
806.jpg,854,480,dog,421,164,448,197
981.jpg,854,480,dog,339,103,432,154
936.jpg,854,480,dog,252,172,539,420
912.jpg,854,480,dog,310,234,491,460
136.jpg,854,480,dog,333,244,436,305
595.jpg,854,480,dog,413,108,459,179
620.jpg,854,480,dog,427,84,484,180
498.jpg,854,480,dog,387,170,606,294
833.jpg,854,480,dog,346,167,382,209
505.jpg,854,480,dog,456,239,690,446
180.jpg,854,480,dog,381,250,633,480
1270.jpg,720,1280,dog,364,148,436,287
1270.jpg,720,1280,dog,333,562,720,1118
1077.jpg,854,480,dog,409,143,478,232
1184.jpg,1280,720,dog,961,301,1107,365
1184.jpg,1280,720,dog,50,336,196,400
1020.jpg,854,480,dog,386,190,593,366
1162.jpg,720,1280,dog,334,582,605,708
798.jpg,854,480,dog,429,142,452,180
904.jpg,854,480,dog,312,190,493,351
1311.jpg,1280,720,dog,618,354,862,503
1311.jpg,1280,720,dog,825,392,989,471
832.jpg,854,480,dog,354,157,393,204
687.jpg,854,480,dog,353,193,385,213
687.jpg,854,480,dog,536,184,575,224
458.jpg,854,480,dog,315,173,466,336
786.jpg,854,480,dog,413,138,439,186
604.jpg,854,480,dog,399,103,455,184
129.jpg,854,480,dog,431,232,532,293
1122.jpg,854,480,dog,489,185,685,411
1099.jpg,854,480,dog,422,162,523,277
998.jpg,854,480,dog,442,169,567,241
1256.jpg,720,1280,dog,267,231,315,297
1256.jpg,720,1280,dog,222,261,271,300
1256.jpg,720,1280,dog,198,242,257,287
691.jpg,854,480,dog,390,147,434,191
691.jpg,854,480,dog,198,160,233,184
287.jpg,854,480,dog,374,177,613,398
363.jpg,854,480,dog,379,119,459,182
486.jpg,854,480,dog,355,164,500,247
704.jpg,854,480,dog,264,109,321,164
704.jpg,854,480,dog,52,104,96,135
522.jpg,854,480,dog,378,134,419,157
429.jpg,854,480,dog,179,240,428,364
954.jpg,854,480,dog,19,184,226,319
1056.jpg,854,480,dog,441,195,506,260
259.jpg,854,480,dog,382,148,519,257
61.jpg,854,480,dog,328,141,411,219
59.jpg,854,480,dog,325,145,399,217
1052.jpg,854,480,dog,451,211,512,270
417.jpg,854,480,dog,289,189,482,273
625.jpg,854,480,dog,459,98,528,206
730.jpg,854,480,dog,140,69,205,102
730.jpg,854,480,dog,256,115,373,203
613.jpg,854,480,dog,426,107,482,193
190.jpg,854,480,dog,507,175,600,217
724.jpg,854,480,dog,87,157,138,193
724.jpg,854,480,dog,239,185,342,266
432.jpg,854,480,dog,146,287,424,411
876.jpg,854,480,dog,353,158,443,236
499.jpg,854,480,dog,376,160,601,291
834.jpg,854,480,dog,334,171,366,216
30.jpg,854,480,dog,302,209,478,318
28.jpg,854,480,dog,290,199,458,307
170.jpg,854,480,dog,352,165,569,420
177.jpg,854,480,dog,379,217,628,444
583.jpg,854,480,dog,373,54,417,117
878.jpg,854,480,dog,335,174,427,251
1027.jpg,854,480,dog,606,394,854,478
1068.jpg,854,480,dog,378,154,465,219
1305.jpg,720,1280,dog,336,278,720,618
783.jpg,854,480,dog,374,141,396,178
785.jpg,854,480,dog,391,144,417,184
565.jpg,854,480,dog,367,161,425,197
841.jpg,854,480,dog,375,155,410,202
470.jpg,854,480,dog,377,127,494,184
1017.jpg,854,480,dog,400,182,581,322
1112.jpg,854,480,dog,427,183,576,359
1219.jpg,1280,720,dog,645,242,695,263
1219.jpg,1280,720,dog,701,223,754,259
915.jpg,854,480,dog,279,244,461,480
953.jpg,854,480,dog,20,164,241,317
1152.jpg,720,1280,dog,293,208,471,361
1244.jpg,1280,720,dog,685,300,719,314
1244.jpg,1280,720,dog,724,286,762,313
